{
  "timestamp": "2026-02-26T00:43:00.315839",
  "returns": {
    "total_return": -0.025823945774522385,
    "total_return_pct": -2.5823945774522383,
    "annualized_return": -0.025823945774522405,
    "annualized_return_pct": -2.5823945774522405,
    "daily_return_mean": -5.758813508662334e-05,
    "daily_return_std": 0.009666972430386054
  },
  "risk": {
    "volatility": 0.009666972430386054,
    "annualized_volatility": 0.15345842989031494,
    "var_95": -0.014966846075266518,
    "cvar_95": -0.018511623947042515,
    "max_drawdown": -0.16809922079758188,
    "max_drawdown_pct": -16.809922079758188,
    "max_drawdown_duration": 2
  },
  "risk_adjusted": {
    "sharpe_ratio": -0.09456769531788999,
    "sortino_ratio": -0.17006262097646577,
    "calmar_ratio": -0.15362323306434914
  },
  "trades": {
    "total_trades": 50,
    "winning_trades": 25,
    "losing_trades": 25,
    "win_rate": 0.5,
    "win_rate_pct": 50.0,
    "avg_win": 79.87515420585257,
    "avg_loss": -88.29513715716564,
    "profit_factor": 0.9046382029360748,
    "expectancy": -4.209991475656537,
    "total_profit": -210.4995737828264
  },
  "monthly_returns": {
    "Month_1": -0.025248161685357644,
    "Month_2": -0.05576364941944697,
    "Month_3": -0.031183375516060752,
    "Month_4": 0.03375715257228667,
    "Month_5": -0.03875221958522024,
    "Month_6": 0.06339635898273865,
    "Month_7": -0.040192026709980004,
    "Month_8": 0.0673362172729548,
    "Month_9": 0.019929089879502454,
    "Month_10": 0.0421675176027117,
    "Month_11": 0.0002910501096298572,
    "Month_12": 0.0005031568723104384
  }
}